skyscraper,skyscraperLabel,height,floors,countryLabel,cityLabel,constructionYear,architectLabel
http://www.wikidata.org/entity/Q83063,Башни Петронас,1483,88,Малайзия,Куала-Лумпур,1993,Сезар Пелли
http://www.wikidata.org/entity/Q83063,Башни Петронас,1483,88,Малайзия,Куала-Лумпур,1993,Adamson Associates
http://www.wikidata.org/entity/Q2023928,One57,1005,75,США,Манхэттен,2014,Кристиан де Портзампарк
http://www.wikidata.org/entity/Q12495,Бурдж-Халифа,828,163,Объединённые Арабские Эмираты,Дубай,2004,Эдриан Смит
http://www.wikidata.org/entity/Q12495,Бурдж-Халифа,828,163,Объединённые Арабские Эмираты,Дубай,2004,"Skidmore, Owings and Merrill"
http://www.wikidata.org/entity/Q12495,Бурдж-Халифа,828,163,Объединённые Арабские Эмираты,Дубай,2004,William F. Baker
http://www.wikidata.org/entity/Q12495,Бурдж-Халифа,828,163,Объединённые Арабские Эмираты,Дубай,2004,George J. Efstathiou
http://www.wikidata.org/entity/Q12495,Бурдж-Халифа,828,163,Объединённые Арабские Эмираты,Дубай,2004,Marshall Strabala
http://www.wikidata.org/entity/Q2301069,1201 Third Avenue,772,55,США,Вашингтон,1988,Kohn Pedersen Fox
http://www.wikidata.org/entity/Q2301069,1201 Third Avenue,772,55,США,Сиэтл,1988,Kohn Pedersen Fox
http://www.wikidata.org/entity/Q2301069,1201 Third Avenue,772,55,США,Downtown Seattle,1988,Kohn Pedersen Fox
http://www.wikidata.org/entity/Q116002,200 West Street,749,44,США,Бэттери-Парк-сити,2009,Henry N. Cobb
http://www.wikidata.org/entity/Q116002,200 West Street,749,44,США,Бэттери-Парк-сити,2009,Pei Cobb Freed & Partners
http://www.wikidata.org/entity/Q17986468,"Four Seasons Hotel & Private Residences, One Dalton Street",742,61,США,Бостон,2018,Pei Cobb Freed & Partners
http://www.wikidata.org/entity/Q19817555,Light House Melbourne,715,69,Австралия,Мельбурн,2017,Elenberg Fraser
http://www.wikidata.org/entity/Q3500583,Georgia-Pacific Tower,697,52,США,Атланта,1982,"Skidmore, Owings and Merrill"
http://www.wikidata.org/entity/Q7969454,Merdeka 118,678.9,118,Малайзия,Куала-Лумпур,2023,Fender Katsalidis Architects
http://www.wikidata.org/entity/Q868772,Трамп-тауэр,664,58,США,Манхэттен,1983,Дер Скатт
http://www.wikidata.org/entity/Q3489200,345 Park Avenue,634.01,44,США,Манхэттен,1969,Emery Roth & Sons
http://www.wikidata.org/entity/Q18547,Шанхайская башня,632,128,Китай,Шанхай,2014,Gensler
http://www.wikidata.org/entity/Q7092848,One Madison,621,50,США,Манхэттен,2013,Рем Колхас
http://www.wikidata.org/entity/Q7092848,One Madison,621,50,США,Манхэттен,2013,Cetra/Ruddy
http://www.wikidata.org/entity/Q7092848,One Madison,621,50,США,Манхэттен,2013,Yabu Pushelberg
http://www.wikidata.org/entity/Q1344856,Place Ville Marie,616.8,47,Канада,Виль-Мари,1958,Бэй Юймин
http://www.wikidata.org/entity/Q1344856,Place Ville Marie,616.8,47,Канада,Виль-Мари,1958,Henry N. Cobb
http://www.wikidata.org/entity/Q189476,Абрадж аль-Бейт,601,120,Саудовская Аравия,Мекка,2012,Dar Al-Handasah
http://www.wikidata.org/entity/Q189476,Абрадж аль-Бейт,601,120,Саудовская Аравия,Мекка,2012,Махмуд Бодо Раш
http://www.wikidata.org/entity/Q18712428,Makkah Clock Royal Tower Hotel,601,120,Саудовская Аравия,Мекка,2010,
http://www.wikidata.org/entity/Q1077308,Международный финансовый центр Пинань,599.05,115,Китай,Futian Subdistrict,2017,Kohn Pedersen Fox
http://www.wikidata.org/entity/Q2813490,Здание Центрального страхового фонда,561,46,Сингапур,Downtown Core,1976,CPG Corporation
http://www.wikidata.org/entity/Q494895,Lotte World Tower,555.7,123,Республика Корея,Сонпхагу,2016,Kohn Pedersen Fox
http://www.wikidata.org/entity/Q494895,Lotte World Tower,554.5,123,Республика Корея,Сонпхагу,2016,Kohn Pedersen Fox
http://www.wikidata.org/entity/Q11245,Всемирный торговый центр 1,541.3,,США,Манхэттен,2014,Даниэль Либескинд
http://www.wikidata.org/entity/Q11245,Всемирный торговый центр 1,541.3,,США,Манхэттен,2014,"Skidmore, Owings and Merrill"
http://www.wikidata.org/entity/Q11245,Всемирный торговый центр 1,541.3,,США,Манхэттен,2014,Дэвид Мэги Чайлдс
http://www.wikidata.org/entity/Q168575,CTF Finance Centre,530,111,Китай,Гуанчжоу,2016,Kohn Pedersen Fox
http://www.wikidata.org/entity/Q10939987,Финансовый центр CTF (Тяньцзинь),530,98,Китай,Тяньцзинь,2019,"Skidmore, Owings and Merrill"
http://www.wikidata.org/entity/Q10939987,Финансовый центр CTF (Тяньцзинь),530,98,Китай,Биньхай,2019,"Skidmore, Owings and Merrill"
http://www.wikidata.org/entity/Q197833,Чайна цзунь,528,108,Китай,Jianwai Subdistrict,2018,Kohn Pedersen Fox
http://www.wikidata.org/entity/Q197833,Чайна цзунь,528,108,Китай,Jianwai Subdistrict,2018,Farrells
http://www.wikidata.org/entity/Q19817552,Delta Toronto Hotel,524.93,47,Канада,Торонто,2011,
http://www.wikidata.org/entity/Q83101,Тайбэй 101,508,101,Китайская Республика (Тайвань),Xicun Village,2005,Си Ли
http://www.wikidata.org/entity/Q80852,Шанхайский всемирный финансовый центр,492,101,Китай,Пудун,2008,Kohn Pedersen Fox
http://www.wikidata.org/entity/Q2640560,здание CBS,491,38,США,Манхэттен,1964,Ээро Сааринен
http://www.wikidata.org/entity/Q317034,Международный коммерческий центр,484,108,Китай,Яучиммон,2010,Kohn Pedersen Fox
http://www.wikidata.org/entity/Q317034,Международный коммерческий центр,484,108,Китай,Яучиммон,2010,Wong & Ouyang (HK) Ltd.
http://www.wikidata.org/entity/Q2818016,660 Fifth Avenue,483,41,США,Мидтаун,1957,Carson & Lundin
http://www.wikidata.org/entity/Q5189543,Crowne Plaza Times Square,480.01,46,США,Манхэттен,1989,
http://www.wikidata.org/entity/Q223207,Восточная жемчужина,468,153,Китай,Шанхай,1998,East China Architectural Design & Research Institute
http://www.wikidata.org/entity/Q4642077,650 California Street,466,34,США,Сан-Франциско,1964,"Skidmore, Owings and Merrill"
http://www.wikidata.org/entity/Q4642077,650 California Street,466,34,США,Сан-Франциско,1964,Edward Charles Bassett
http://www.wikidata.org/entity/Q4255374,Лахта-центр,462,87,Россия,Санкт-Петербург,2018,RMJM London
http://www.wikidata.org/entity/Q18640924,Landmark 81,461.5,81,Вьетнам,Хошимин,2018,Atkins
http://www.wikidata.org/entity/Q30591083,Presidential Towers,461,49,США,Near West Side,1986,
http://www.wikidata.org/entity/Q5410187,Башни IFS (Чанша),452.1,88,Китай,Фужун,2017,Wong Tung & Partners
http://www.wikidata.org/entity/Q382121,Финансовый центр Наньцзин Гринлэнд,450,66,Китай,Нанкин,2010,"Skidmore, Owings and Merrill"
http://www.wikidata.org/entity/Q617082,Башня IFS (Сучжоу),450,95,Китай,Сучжоу,2019,Kohn Pedersen Fox
http://www.wikidata.org/entity/Q617082,Башня IFS (Сучжоу),450,95,Китай,Сучжоу,2019,Wong Tung & Partners
http://www.wikidata.org/entity/Q27670200,The Exchange 106,445.5,106,Малайзия,Куала-Лумпур,2019,
http://www.wikidata.org/entity/Q29294,Уиллис-тауэр,442.1,108,США,Чикаго,1971,Брюс Грэм
http://www.wikidata.org/entity/Q29294,Уиллис-тауэр,442.1,110,США,Чикаго,1971,Брюс Грэм
http://www.wikidata.org/entity/Q29294,Уиллис-тауэр,442.1,108,США,Чикаго,1971,Фазлур Хан
http://www.wikidata.org/entity/Q29294,Уиллис-тауэр,442.1,110,США,Чикаго,1971,Фазлур Хан
http://www.wikidata.org/entity/Q29294,Уиллис-тауэр,442.1,108,США,Чикаго,1971,"Skidmore, Owings and Merrill"
http://www.wikidata.org/entity/Q29294,Уиллис-тауэр,442.1,110,США,Чикаго,1971,"Skidmore, Owings and Merrill"
http://www.wikidata.org/entity/Q1470046,Kingkey 100,442,100,Китай,Guiyuan Subdistrict,2011,Терри Фаррелл
http://www.wikidata.org/entity/Q1043438,Международный финансовый центр,440,103,Китай,Гуанчжоу,2010,Wilkinson Eyre Architects
http://www.wikidata.org/entity/Q2484373,Ухань-центр,438,88,Китай,Ухань,2019,"Skidmore, Owings and Merrill"
http://www.wikidata.org/entity/Q7338767,Ривервью-плаза,436,73,Китай,Ухань,2021,Сезар Пелли
http://www.wikidata.org/entity/Q16250343,Ахмат Тауэр,435,80,Россия,Грозный,2020,Adrian Smith + Gordon Gill Architecture
http://www.wikidata.org/entity/Q53088,Torre AXA México,433,32,Мексика,Мехико,1982,
http://www.wikidata.org/entity/Q5270933,Diamond Tower,432,93,Саудовская Аравия,Джидда,2025,
http://www.wikidata.org/entity/Q1076139,Chongqing Tall Tower,431,101,Китай,Чунцин,2023,
http://www.wikidata.org/entity/Q19458189,Международный торговый центр (Дунгуань),426.9,88,Китай,Дунгуань,2019,
http://www.wikidata.org/entity/Q233940,432 Парк-авеню,425.5,85,США,Манхэттен,2015,Рафаэль Виньоли
http://www.wikidata.org/entity/Q546221,Международный отель и башня Трампа — Чикаго,423.2,98,США,Чикаго,2009,Эдриан Смит
http://www.wikidata.org/entity/Q546221,Международный отель и башня Трампа — Чикаго,423.2,98,США,Чикаго,2009,"Skidmore, Owings and Merrill"
http://www.wikidata.org/entity/Q16960749,Vue at Brickell,423,37,США,Майами,2004,
http://www.wikidata.org/entity/Q80813,Цзинь Мао,421,88,Китай,Шанхай,1998,"Skidmore, Owings and Merrill"
http://www.wikidata.org/entity/Q745016,Менара Куала-Лумпур,421,15,Малайзия,Куала-Лумпур,1994,
http://www.wikidata.org/entity/Q80813,Цзинь Мао,420.5,88,Китай,Шанхай,1998,"Skidmore, Owings and Merrill"
http://www.wikidata.org/entity/Q5116657,Church Office Building,420.01,28,США,Солт-Лейк-Сити,1972,George Cannon Young
http://www.wikidata.org/entity/Q19492,Princess Tower,414,101,Объединённые Арабские Эмираты,Дубай,2012,
http://www.wikidata.org/entity/Q557933,Башня Аль-Хамра,412,80,Кувейт,Эль-Кувейт,2011,"Skidmore, Owings and Merrill"
http://www.wikidata.org/entity/Q14226100,Two International Finance Centre,412,88,Китай,Центральный и Западный округ Гонконга,2003,Сезар Пелли
http://www.wikidata.org/entity/Q14226100,Two International Finance Centre,412,88,Китай,Центральный и Западный округ Гонконга,2003,Rocco Yim
http://www.wikidata.org/entity/Q5961370,Haeundae LCT The Sharp,411,101,Республика Корея,Хэундэ-гу,2019,"Skidmore, Owings and Merrill"
http://www.wikidata.org/entity/Q3431400,Richardson Building,407.02,34,Канада,Манитоба,1967,"Skidmore, Owings and Merrill"
http://www.wikidata.org/entity/Q7863079,U.S. Bank Center,407,31,США,Финикс,1976,
http://www.wikidata.org/entity/Q4852943,Baltimore World Trade Center,405,32,США,Балтимор,1977,Pei Cobb Freed & Partners
http://www.wikidata.org/entity/Q7907766,V on Shenton,404,54,Сингапур,,2017,Ben van Berkel
http://www.wikidata.org/entity/Q7907766,V on Shenton,404,54,Сингапур,,2017,UNStudio
http://www.wikidata.org/entity/Q18347369,Башня China Resources (Наньнин),402.7,85,Китай,Наньнин,2020,
http://www.wikidata.org/entity/Q15264266,30 Hudson Yards,395,73,США,Нью-Йорк,2019,Kohn Pedersen Fox
http://www.wikidata.org/entity/Q18111159,Башня Чайна-Рисёрч,392.5,66,Китай,Yuehai Subdistrict,2017,Kohn Pedersen Fox
http://www.wikidata.org/entity/Q18111159,Башня Чайна-Рисёрч,392.5,67,Китай,Yuehai Subdistrict,2017,Kohn Pedersen Fox
http://www.wikidata.org/entity/Q216264,23-Marina,392.4,89,Объединённые Арабские Эмираты,Дубай,2012,Hafeez Contractor
http://www.wikidata.org/entity/Q245246,Башня CITIC,390.2,80,Китай,Гуанчжоу,1997,DLN Architects
http://www.wikidata.org/entity/Q18127492,Логан-Сенчури-центр,390,82,Китай,Наньнин,2017,
http://www.wikidata.org/entity/Q18415349,Shum Yip Upperhills,388.1,80,Китай,Шэньчжэнь,2020,"Skidmore, Owings and Merrill"
http://www.wikidata.org/entity/Q13892708,Capital Market Authority Headquarters,385,77,Саудовская Аравия,Эр-Рияд,2017,HOK
http://www.wikidata.org/entity/Q13892708,Capital Market Authority Headquarters,385,77,Саудовская Аравия,King Abdullah Financial District,2017,HOK
http://www.wikidata.org/entity/Q13892708,Capital Market Authority Headquarters,385,77,Саудовская Аравия,Эр-Рияд,2017,Omrania
http://www.wikidata.org/entity/Q13892708,Capital Market Authority Headquarters,385,77,Саудовская Аравия,King Abdullah Financial District,2017,Omrania
http://www.wikidata.org/entity/Q236201,Башня Сёньхин,384,69,Китай,Guiyuan Subdistrict,1996,
http://www.wikidata.org/entity/Q30686870,Thamrin Nine,382.9,75,Индонезия,Джакарта,2014,Kohn Pedersen Fox
http://www.wikidata.org/entity/Q18127492,Логан-Сенчури-центр,381.3,82,Китай,Наньнин,2017,
http://www.wikidata.org/entity/Q1330847,Elite Residence,381,87,Объединённые Арабские Эмираты,Дубай,2012,
http://www.wikidata.org/entity/Q615950,Бурдж-Мохаммед-бин-Рашид,381,88,Объединённые Арабские Эмираты,Абу-Даби,2014,Foster and Partners
http://www.wikidata.org/entity/Q615950,Бурдж-Мохаммед-бин-Рашид,381,92,Объединённые Арабские Эмираты,Абу-Даби,2014,Foster and Partners
http://www.wikidata.org/entity/Q496218,Busan Lotte World Tower,380,30,Республика Корея,Пусан,2023,"Skidmore, Owings and Merrill"
http://www.wikidata.org/entity/Q15811586,Шэньчжэнь-центр,375.6,80,Китай,Шэньчжэнь,2018,Kohn Pedersen Fox
http://www.wikidata.org/entity/Q112640,Сентрал-плаза,374,78,Китай,Ваньчай,1992,DLN Architects
http://www.wikidata.org/entity/Q112640,Сентрал-плаза,374,78,Китай,Hong Kong Flight Information Region,1992,DLN Architects
http://www.wikidata.org/entity/Q2673004,Международный торговый центр (Далянь),370.2,78,Китай,Далянь,2019,
http://www.wikidata.org/entity/Q16154785,222 Second Street,370,26,США,Сан-Франциско,2016,Gensler
http://www.wikidata.org/entity/Q7712376,Address Boulevard,368,72,Объединённые Арабские Эмираты,Даунтаун Дубай,2017,Atkins
http://www.wikidata.org/entity/Q214855,Башня Банка Китая,367.4,70,Китай,Гонконг,1990,Бэй Юймин
http://www.wikidata.org/entity/Q214855,Башня Банка Китая,367.4,72,Китай,Гонконг,1990,Бэй Юймин
http://www.wikidata.org/entity/Q214855,Башня Банка Китая,367.4,70,Китай,Центральный и Западный округ Гонконга,1990,Бэй Юймин
http://www.wikidata.org/entity/Q214855,Башня Банка Китая,367.4,72,Китай,Центральный и Западный округ Гонконга,1990,Бэй Юймин
http://www.wikidata.org/entity/Q63434805,Aziz Court Imperial,367,32,Бангладеш,Agrabad,2014,
http://www.wikidata.org/entity/Q30754048,Ciel Tower,366,82,Объединённые Арабские Эмираты,Дубай,2023,
http://www.wikidata.org/entity/Q328505,Башня Банка Америки,365.8,54,США,Нью-Йорк,2009,Cookfox
http://www.wikidata.org/entity/Q328505,Башня Банка Америки,365.8,54,США,Манхэттен,2009,Cookfox
http://www.wikidata.org/entity/Q838780,Башня Алмас,363,68,Объединённые Арабские Эмираты,Дубай,2009,Atkins
http://www.wikidata.org/entity/Q15549825,VietinBank Business Center Office Tower,363,70,Вьетнам,Ханой,2018,Foster and Partners
http://www.wikidata.org/entity/Q98937711,Three Sixty West Tower B,361.2,90,Индия,Ворли,2011,
http://www.wikidata.org/entity/Q18348250,Hanking Center,358.9,65,Китай,Шэньчжэнь,2018,Morphosis
http://www.wikidata.org/entity/Q55908607,Раффлз-Сити (Чунцин),356,74,Китай,Chaotianmen Subdistrict,2012,Моше Сафди
http://www.wikidata.org/entity/Q113006408,Galaxy World Tower 1,356,71,Китай,Шэньчжэнь,2017,AECOM
http://www.wikidata.org/entity/Q113006416,Galaxy World Tower 2,356,71,Китай,Шэньчжэнь,2017,AECOM
http://www.wikidata.org/entity/Q113660049,Il Primo Tower,356,79,Объединённые Арабские Эмираты,Дубай,2017,
http://www.wikidata.org/entity/Q845182,Эмиратская офисная башня,355,54,Объединённые Арабские Эмираты,Дубай,1999,Hazel Wong
http://www.wikidata.org/entity/Q1808317,The Marina Torch,352,86,Объединённые Арабские Эмираты,Дубай,2011,
http://www.wikidata.org/entity/Q1808317,The Marina Torch,352,86,Объединённые Арабские Эмираты,Дубай Марина,2011,
http://www.wikidata.org/entity/Q3389848,Place Hauteville,351,34,Канада,Ла Сите-Лимуалу,1974,Jean-Marie Roy
http://www.wikidata.org/entity/Q3389848,Place Hauteville,351,34,Канада,Ла Сите-Лимуалу,1974,Paul Gauthier
http://www.wikidata.org/entity/Q3389848,Place Hauteville,351,34,Канада,Ла Сите-Лимуалу,1974,Gilles Guité
http://www.wikidata.org/entity/Q3389848,Place Hauteville,351,34,Канада,Ла Сите-Лимуалу,1974,Q131916219
http://www.wikidata.org/entity/Q18414186,Forum 66 Tower 2,351,68,Китай,Шэньян,2026,Kohn Pedersen Fox
http://www.wikidata.org/entity/Q139815,The Pinnacle,350.3,60,Китай,Гуанчжоу,2012,
http://www.wikidata.org/entity/Q30766281,Сианьский международный финансовый центр,350,75,Китай,Сиань,2019,
http://www.wikidata.org/entity/Q130478,The Center,346,73,Китай,Гонконг,1998,
http://www.wikidata.org/entity/Q609140,Keangnam Hanoi Landmark Tower,346,72,Вьетнам,Mễ Trì,2011,Карлос Сапата
http://www.wikidata.org/entity/Q21026850,Neva Towers,345,79,Россия,Московский международный деловой центр,2019,
http://www.wikidata.org/entity/Q217727,Центр Джона Хэнкока,344,,США,Чикаго,1969,Брюс Грэм
http://www.wikidata.org/entity/Q217727,Центр Джона Хэнкока,344,,США,Чикаго,1969,Фазлур Хан
http://www.wikidata.org/entity/Q217727,Центр Джона Хэнкока,344,,США,Чикаго,1969,"Skidmore, Owings and Merrill"
http://www.wikidata.org/entity/Q16958963,Comcast Technology Center,341.7,60,США,Филадельфия,2018,Норман Фостер
http://www.wikidata.org/entity/Q66048529,Place Sherbrooke,341.21,26,Канада,Виль-Мари,1976,
http://www.wikidata.org/entity/Q26700322,Hotel Omni Mont-Royal,341,31,Канада,Виль-Мари,1976,
http://www.wikidata.org/entity/Q15855239,Сямыньский международный центр,340,61,Китай,Сямэнь,2016,Gensler
http://www.wikidata.org/entity/Q1558596,Башня IFS (Уси),339,68,Китай,Уси,2014,Aedas
http://www.wikidata.org/entity/Q1076144,Чунцинский всемирный финансовый центр,338.9,79,Китай,Чунцин,2015,Си Ли
http://www.wikidata.org/entity/Q59483,Меркурий Сити Тауэр,338.8,75,Россия,Москва,2013,Фрэнк Уильямс
http://www.wikidata.org/entity/Q18745718,Модерн-Сити (Тяньцзинь),338,65,Китай,Тяньцзинь,2016,"Skidmore, Owings and Merrill"
http://www.wikidata.org/entity/Q186406,Тяньцзиньский всемирный финансовый центр,337,74,Китай,Тяньцзинь,2010,"Skidmore, Owings and Merrill"
http://www.wikidata.org/entity/Q18125763,Башни Хуагоюань,335,64,Китай,Гуйян,2020,
http://www.wikidata.org/entity/Q18125765,Huaguoyuan Tower 2,335,64,Китай,Гуйян,2020,
http://www.wikidata.org/entity/Q106942630,Gateway Tower West,335,20,США,Солт-Лейк-Сити,1998,
http://www.wikidata.org/entity/Q1161278,Шимао Интернэшнл Плаза,333.3,60,Китай,Шанхай,2006,
http://www.wikidata.org/entity/Q1774820,Parc1,333,69,Республика Корея,Ёндынпо,2020,Ричард Джордж Роджерс
http://www.wikidata.org/entity/Q648338,Башня Розы,333,72,Объединённые Арабские Эмираты,Дубай,2009,
http://www.wikidata.org/entity/Q1753759,Tianjin Kerry Center,332,72,Китай,Тяньцзинь,2016,"Skidmore, Owings and Merrill"
http://www.wikidata.org/entity/Q1808295,Al Yaqoub Tower,330.1,79,Объединённые Арабские Эмираты,Дубай,2012,
http://www.wikidata.org/entity/Q19817541,Yuexiu Fortune Center,330,65,Китай,Ухань,2016,
http://www.wikidata.org/entity/Q19817541,Yuexiu Fortune Center,330,65,Китай,Ухань,2017,
http://www.wikidata.org/entity/Q19817541,Yuexiu Fortune Center,330,66,Китай,Ухань,2016,
http://www.wikidata.org/entity/Q19817541,Yuexiu Fortune Center,330,66,Китай,Ухань,2017,
http://www.wikidata.org/entity/Q1626452,Hon Kwok City Center,329,80,Китай,Шэньчжэнь,2015,"Skidmore, Owings and Merrill"
http://www.wikidata.org/entity/Q941908,Всемирный торговый центр 3,328.9,69,США,Манхэттен,2018,Ричард Джордж Роджерс
http://www.wikidata.org/entity/Q986382,White Swan Hotel,328.08,33,Китай,Ливань,1983,
http://www.wikidata.org/entity/Q1264855,Указующий перст,328,80,Объединённые Арабские Эмираты,Дубай,2010,Foster and Partners
http://www.wikidata.org/entity/Q2595525,Сунин-Плаза (Уси),328,68,Китай,Уси,2014,
http://www.wikidata.org/entity/Q604289,Международный отель Лунси,328,74,Китай,Уси,2011,
http://www.wikidata.org/entity/Q19457139,Баонэн-центр,327.3,65,Китай,Шэньчжэнь,2018,Сезар Пелли
http://www.wikidata.org/entity/Q1964601,Нанкинский всемирный торговый центр,326,68,Китай,Нанкин,2021,Gensler
http://www.wikidata.org/entity/Q14684154,Salesforce Tower,326,61,США,Сан-Франциско,2018,Сезар Пелли
http://www.wikidata.org/entity/Q109703244,Azabudai Hills Mori JP Tower,325.2,64,Япония,Azabudai,2023,Pelli Clarke Pelli Architects
http://www.wikidata.org/entity/Q1735111,The Landmark,324,72,Объединённые Арабские Эмираты,Абу-Даби,2013,Сезар Пелли
http://www.wikidata.org/entity/Q12256124,Децзи-Плаза,324,62,Китай,Нанкин,2013,
http://www.wikidata.org/entity/Q109703244,Azabudai Hills Mori JP Tower,323.1,64,Япония,Azabudai,2023,Pelli Clarke Pelli Architects
http://www.wikidata.org/entity/Q337631,Тантекс Скай Тауэр,323,85,Китайская Республика (Тайвань),Линъя,1997,Си Ли
http://www.wikidata.org/entity/Q125846,Q1 Tower,322,78,Австралия,Квинсленд,2005,Sunland Group
http://www.wikidata.org/entity/Q713832,Торговый центр Вэньчжоу,321.9,68,Китай,Вэньчжоу,2010,
http://www.wikidata.org/entity/Q2446907,53W53,320,77,США,Манхэттен,2007,Жан Нувель
http://www.wikidata.org/entity/Q598603,Sinar Mas Center,320,67,Китай,Шанхай,2016,"Skidmore, Owings and Merrill"
http://www.wikidata.org/entity/Q620809,Palais Royale,320,88,Индия,Ворли,2017,
http://www.wikidata.org/entity/Q114756024,Kroger Building,320,25,США,Цинциннати,1954,Wyatt C. Hedrick
http://www.wikidata.org/entity/Q198226,Global City Square,319,67,Китай,Гуанчжоу,2015,
http://www.wikidata.org/entity/Q192680,The New York Times Building,318.8,,США,Манхэттен,2007,Ренцо Пиано
http://www.wikidata.org/entity/Q15842559,Riverside Century Plaza Main Tower,318,66,Китай,Уху,2015,
http://www.wikidata.org/entity/Q1470076,HHHR Tower,317,72,Объединённые Арабские Эмираты,Дубай,2009,Al Hashemi
http://www.wikidata.org/entity/Q104712946,Macy's Building,317,21,США,Цинциннати,1978,
http://www.wikidata.org/entity/Q382121,Финансовый центр Наньцзин Гринлэнд,316,66,Китай,Нанкин,2010,"Skidmore, Owings and Merrill"
http://www.wikidata.org/entity/Q18413966,Башня IFS (Чунцин),316,65,Китай,Чунцин,2016,
http://www.wikidata.org/entity/Q29837530,Honglou Times Square,313,56,Китай,Ланьчжоу,2018,
http://www.wikidata.org/entity/Q29837530,Honglou Times Square,313,56,Китай,Чэнгуань,2018,
http://www.wikidata.org/entity/Q499486,Бэнк оф Америка Плаза,311.8,55,США,Атланта,1992,Кевин Роч
http://www.wikidata.org/entity/Q1208733,Diamond of Istanbul,311,53,Турция,Стамбул,2015,
http://www.wikidata.org/entity/Q57900,Башня Банка США,310.3,73,США,Лос-Анджелес,1989,Pei Cobb Freed & Partners
http://www.wikidata.org/entity/Q118214,Менара Телеком,310,77,Малайзия,Куала-Лумпур,2001,Hijjas Kasturi
http://www.wikidata.org/entity/Q134124,Океанские Вершины,310,82,Объединённые Арабские Эмираты,Дубай,2010,Эндрю Бромберг
http://www.wikidata.org/entity/Q116847270,Varso Tower,310,53,Польша,Воля,2021,Foster and Partners
http://www.wikidata.org/entity/Q1552767,Yuexiu Financial Tower,309,73,Китай,Гуанчжоу,2015,Южно-китайский технологический университет
http://www.wikidata.org/entity/Q1374287,Евразия (здание ММДЦ),308.9,72,Россия,Москва,2015,Swanke Hayden Connell Architects
http://www.wikidata.org/entity/Q15790479,Burj Rafal,308,70,Саудовская Аравия,Эр-Рияд,2014,P&T Architects & Engineers Ltd.
http://www.wikidata.org/entity/Q391648,Башня Кайан,306.4,73,Объединённые Арабские Эмираты,Дубай,2013,"Skidmore, Owings and Merrill"
http://www.wikidata.org/entity/Q935919,Башня JPMorgan Chase,305.4,75,США,Хьюстон,1982,Pei Cobb Freed & Partners
http://www.wikidata.org/entity/Q5475194,Four Gateway Center,305.11,22,США,Питтсбург,1960,Harrison & Abramovitz
http://www.wikidata.org/entity/Q118896080,The Daniel Building,305,25,США,Гринвилл,1966,Stevens & Wilkinson
http://www.wikidata.org/entity/Q2595527,Maoye City,304,68,Китай,Уси,2014,
http://www.wikidata.org/entity/Q136323372,Century Park Plaza,304,21,США,Лос-Анджелес,1973,
http://www.wikidata.org/entity/Q1121971,Пруденшал плаза 2,303.3,64,США,Иллинойс,1990,
http://www.wikidata.org/entity/Q1121971,Пруденшал плаза 2,303.3,64,США,Чикаго,1990,
http://www.wikidata.org/entity/Q2278111,CFC Changfu Centre,303,68,Китай,Шэньчжэнь,2016,
http://www.wikidata.org/entity/Q2676828,Diwang International Fortune Center,303,75,Китай,Любэй,2015,AECOM
http://www.wikidata.org/entity/Q2717933,Финансовый центр Чжунчжоу-Холдингс,303,61,Китай,Nanshan District,2014,Эдриан Смит
http://www.wikidata.org/entity/Q57767,Wells Fargo Plaza,302.4,71,США,Хьюстон,1983,"Skidmore, Owings and Merrill"
http://www.wikidata.org/entity/Q1495771,Gate to the East,302,68,Китай,Сучжоу,2016,RMJM London
http://www.wikidata.org/entity/Q656743,Kingdom Centre,302,41,Саудовская Аравия,Эр-Рияд,2000,Bechtel
http://www.wikidata.org/entity/Q656743,Kingdom Centre,302,41,Саудовская Аравия,Эр-Рияд,2000,Эллербе Бекет
http://www.wikidata.org/entity/Q229605,3 Hudson Boulevard,301,56,США,Манхэттен,2017,FXCollaborative
http://www.wikidata.org/entity/Q104804875,Metropol Istanbul,301,,Турция,Стамбул,2017,
http://www.wikidata.org/entity/Q151765,Коммерцбанк-Тауэр,300.1,56,Германия,Инненштадт I,1997,Норман Фостер
http://www.wikidata.org/entity/Q274916,Нью-Йорк-бай-Гери,300,76,США,Манхэттен,2011,Фрэнк Гери
http://www.wikidata.org/entity/Q1242598,«Doosan Haeundae We've the Zenith Tower A»,300,81,Республика Корея,Пусан,2011,
http://www.wikidata.org/entity/Q1542408,Гран Торре Сантьяго,300,62,Чили,Сантьяго,2013,Сезар Пелли
http://www.wikidata.org/entity/Q699317,Arraya Tower,300,60,Кувейт,Эль-Кувейт,2009,Fentress Architects
http://www.wikidata.org/entity/Q737602,Aspire Tower,300,36,Катар,Доха,2000,
http://www.wikidata.org/entity/Q16318627,Abeno Harukas,300,60,Япония,Абеносудзи,2014,Сезар Пелли
http://www.wikidata.org/entity/Q16318627,Abeno Harukas,300,60,Япония,Абеносудзи,2014,Takenaka Corporation
http://www.wikidata.org/entity/Q109044400,Q109044400,299.3,62,Китай,Шэньчжэнь,2017,
http://www.wikidata.org/entity/Q1417597,One Island East,298.4,69,Китай,Восточный округ Гонконга,2008,Wong & Ouyang (HK) Ltd.
http://www.wikidata.org/entity/Q430218,Shanghai Wheelock Square,298,58,Китай,Шанхай,2009,Kohn Pedersen Fox
http://www.wikidata.org/entity/Q1052475,First Canadian Place,298,72,Канада,Торонто,1975,B+H Architects
http://www.wikidata.org/entity/Q1052475,First Canadian Place,298,72,Канада,Торонто,1975,Эдуард Дьюрелл Стоун
http://www.wikidata.org/entity/Q1351208,Всемирный торговый центр 4,297.7,72,США,Манхэттен,2008,Фумихико Маки
http://www.wikidata.org/entity/Q1113808,Комкаст-центр,297,57,США,Филадельфия,2008,Роберт Стерн
http://www.wikidata.org/entity/Q1113808,Комкаст-центр,297,57,США,Пенсильвания,2008,Роберт Стерн
http://www.wikidata.org/entity/Q575128,Эмиратская корона,296,63,Объединённые Арабские Эмираты,Дубай,2008,
http://www.wikidata.org/entity/Q587108,Yokohama Landmark Tower,295.8,70,Япония,Minatomirai,1993,Mitsubishi Estate
http://www.wikidata.org/entity/Q587108,Yokohama Landmark Tower,295.8,70,Япония,Minatomirai,1993,Хью Стаббинс
http://www.wikidata.org/entity/Q908703,Columbia Center,294.8,76,США,Сиэтл,1985,Chester L. Lindsey Architects
http://www.wikidata.org/entity/Q1436004,Khalid Al Attar Tower 2,294,66,Объединённые Арабские Эмираты,Дубай,2010,
http://www.wikidata.org/entity/Q224563,"Саут-Уокер-драйв, 311",292.9128,65,США,Чикаго,1990,Kohn Pedersen Fox
http://www.wikidata.org/entity/Q1435741,Sky Tower,292,74,Объединённые Арабские Эмираты,Абу-Даби,2010,Arquitectonica
http://www.wikidata.org/entity/Q5638300,Haeundae I Park,292,72,Республика Корея,Пусан,2011,Даниэль Либескинд
http://www.wikidata.org/entity/Q5638300,Haeundae I Park,292,72,Республика Корея,Хэундэ-гу,2011,Даниэль Либескинд
http://www.wikidata.org/entity/Q1368798,SEG Plaza,291.6,71,Китай,Huaqiangbei Subdistrict,2000,
http://www.wikidata.org/entity/Q15781036,"Сентрал-парк-саут, 220",290.2,70,США,Мидтаун,2019,Robert A.M. Stern Architects
http://www.wikidata.org/entity/Q28873239,Guoco Tower,290,64,Сингапур,Танджонг Пагар,2016,"Skidmore, Owings and Merrill"
http://www.wikidata.org/entity/Q15464762,Пусанский международный финансовый центр,289,63,Республика Корея,Пусан,2014,
http://www.wikidata.org/entity/Q19817535,Gama Tower,289,63,Индонезия,Джакарта,2015,
http://www.wikidata.org/entity/Q15794060,China Chuneng Tower,288.6,62,Китай,Шэньчжэнь,2016,
http://www.wikidata.org/entity/Q684027,Key Tower,288,57,США,Огайо,1991,Сезар Пелли
http://www.wikidata.org/entity/Q684027,Key Tower,288,57,США,Кливленд,1991,Сезар Пелли
http://www.wikidata.org/entity/Q684027,Key Tower,288,57,США,Downtown Cleveland,1991,Сезар Пелли
http://www.wikidata.org/entity/Q1076137,Chongqing Poly Tower,287,61,Китай,Чунцин,2013,East China Architectural Design & Research Institute
http://www.wikidata.org/entity/Q23527286,Commerce Court West,287,57,Канада,Торонто,1972,Pei Cobb Freed & Partners
http://www.wikidata.org/entity/Q224126,30 Park Place,286,82,США,Манхэттен,2016,Роберт Стерн
http://www.wikidata.org/entity/Q1641386,Sulafa Tower,285,75,Объединённые Арабские Эмираты,Дубай,2010,
http://www.wikidata.org/entity/Q623517,Башня Тысячелетия,285,60,Объединённые Арабские Эмираты,Дубай,2006,
http://www.wikidata.org/entity/Q1092242,Yingli Tower,285,65,Китай,Чунцин,2012,AECOM
http://www.wikidata.org/entity/Q117474626,Q117474626,285,53,Китай,Ланьчжоу,20220623,
http://www.wikidata.org/entity/Q117474626,Q117474626,285,53,Китай,Чэнгуань,20220623,
http://www.wikidata.org/entity/Q4403620,Three International Finance Center,284,55,Республика Корея,Ёндынпо,2012,
http://www.wikidata.org/entity/Q700058,Чхёнкхон-сентер,283,63,Китай,Центральный и Западный округ Гонконга,1999,Сезар Пелли
http://www.wikidata.org/entity/Q1076164,Chongqing World Trade Center,283,60,Китай,Чунцин,2005,
http://www.wikidata.org/entity/Q4704024,Al Hekma Tower,282,64,Объединённые Арабские Эмираты,Дубай,2015,
http://www.wikidata.org/entity/Q806675,Bank of America Plaza,281,74,США,Даллас,1985,
http://www.wikidata.org/entity/Q333305,OUB Centre,280,63,Сингапур,Раффлз-плейс,1986,Кэндзо Тангэ
http://www.wikidata.org/entity/Q47528623,The Sky Taipei,280,46,Китайская Республика (Тайвань),Тайбэй,2020,
http://www.wikidata.org/entity/Q391243,Ситигруп-центр,279,,США,Нью-Йорк,1976,Хью Стаббинс
http://www.wikidata.org/entity/Q391243,Ситигруп-центр,279,,США,Нью-Йорк,1976,KlingStubbins
http://www.wikidata.org/entity/Q391243,Ситигруп-центр,279,,США,Нью-Йорк,1976,Emery Roth & Sons
http://www.wikidata.org/entity/Q15264301,15 Hudson Yards,278,71,США,Нью-Йорк,2019,Kohn Pedersen Fox
http://www.wikidata.org/entity/Q15264301,15 Hudson Yards,278,71,США,Нью-Йорк,2019,Diller Scofidio + Renfro
http://www.wikidata.org/entity/Q1567534,Международная гостиница и башня Трампа,277,57,Канада,Торонто,2012,Eberhard Zeidler
http://www.wikidata.org/entity/Q1231655,Diwang International Commerce Center,276,54,Китай,Наньнин,2006,
http://www.wikidata.org/entity/Q1327514,Scotia Plaza,275,68,Канада,Торонто,1988,WZMH Architects
http://www.wikidata.org/entity/Q1357650,Уильямс-Тауэр,274.6,64,США,Хьюстон,1982,Филип Джонсон
http://www.wikidata.org/entity/Q1664761,NEO Tower,273,56,Китай,Гуандун,2011,
http://www.wikidata.org/entity/Q1964773,Nantong Zhongnan International Plaza,273,53,Китай,Наньтун,2011,
http://www.wikidata.org/entity/Q15264124,10 Hudson Yards,273,52,США,Нью-Йорк,2016,Kohn Pedersen Fox
http://www.wikidata.org/entity/Q118849690,Songhwa Street Main Tower,273,80,КНДР,Пхеньян,2022,
http://www.wikidata.org/entity/Q774178,Aura,272,78,Канада,Торонто,2014,Graziani + Corazza
http://www.wikidata.org/entity/Q1515605,Renaissance Tower,270,56,США,Техас,1974,HOK
http://www.wikidata.org/entity/Q30752681,Ryomyong Tower 82 floors 270 m (890 ft),270,82,КНДР,Пхеньян,2017,
http://www.wikidata.org/entity/Q2024017,One Lujiazui,269,57,Китай,Шанхай,2008,Nikken Sekkei
http://www.wikidata.org/entity/Q2024017,One Lujiazui,269,57,Китай,Сюйхуэй,2008,Nikken Sekkei
http://www.wikidata.org/entity/Q1586256,South Asian Gate,268,,Китай,Куньмин,2016,
http://www.wikidata.org/entity/Q2303314,Файсалия,267,30,Саудовская Аравия,Эр-Рияд,2000,Foster and Partners
http://www.wikidata.org/entity/Q76829415,Zions Bank Tower,267,18,США,Солт-Лейк-Сити,1963,
http://www.wikidata.org/entity/Q47539081,Fubon Xinyi A25,266,56,Китайская Республика (Тайвань),Тайбэй,2021,Ренцо Пиано
http://www.wikidata.org/entity/Q130621500,Toranomon Hills Station Tower,265.75,49,Япония,Минато,2023,
http://www.wikidata.org/entity/Q638512,Финансовая башня Bitexco,265.5,68,Вьетнам,Хошимин,2010,Карлос Сапата
http://www.wikidata.org/entity/Q638512,Финансовая башня Bitexco,265.5,68,Вьетнам,Sài Gòn,2010,Карлос Сапата
http://www.wikidata.org/entity/Q172402,120 Collins Street,265,52,Австралия,Мельбурн,1991,Hassell
http://www.wikidata.org/entity/Q368017,Bocom Financial Towers,265,52,Китай,Шанхай,2002,
http://www.wikidata.org/entity/Q1706824,SunTrust Plaza,265,60,США,Джорджия,1992,Джон Кэлвин Портман
http://www.wikidata.org/entity/Q1706824,SunTrust Plaza,265,60,США,Peachtree Street,1992,Джон Кэлвин Портман
http://www.wikidata.org/entity/Q1706824,SunTrust Plaza,265,60,США,Downtown,1992,Джон Кэлвин Портман
http://www.wikidata.org/entity/Q4547246,1101 Brickell,265,81,США,Майами,2018,Американский институт архитектуры
http://www.wikidata.org/entity/Q119853699,Inxignia tower,265,50,Мексика,Пуэбла-де-Сарагоса,2022,
http://www.wikidata.org/entity/Q80367,Триумф-Палас,264,57,Россия,Москва,2006,
http://www.wikidata.org/entity/Q1320312,Samsung Tower Palace 3 – Tower G,263.7,73,Республика Корея,Каннамгу,2004,"Skidmore, Owings and Merrill"
http://www.wikidata.org/entity/Q3437287,Greece–Bosnia and Herzegovina Friendship Building,263.65,21,Босния и Герцеговина,Сараево,1974,
http://www.wikidata.org/entity/Q30766256,The One,263,82,Австралия,Брисбен,2015,
http://www.wikidata.org/entity/Q1582716,Water Tower Place,262,74,США,Иллинойс,1977,
http://www.wikidata.org/entity/Q572970,Shenzhen Special Zone Press Tower,262,42,Китай,Lianhua Subdistrict,1998,
http://www.wikidata.org/entity/Q607743,Аон-центр,262,62,США,Калифорния,1973,Чарльз Лакман
http://www.wikidata.org/entity/Q622895,Аква,262,82,США,Иллинойс,2009,Ган Жанна
http://www.wikidata.org/entity/Q622895,Аква,262,82,США,Чикаго,2009,Ган Жанна
http://www.wikidata.org/entity/Q622895,Аква,262,82,США,Кук,2009,Ган Жанна
http://www.wikidata.org/entity/Q844324,Трамп-уорлд-тауэр,262,72,США,Манхэттен,2001,Costas Kondylis
http://www.wikidata.org/entity/Q166882,Istanbul Sapphire,261,54,Турция,Стамбул,2011,Tabanlıoğlu Architects
http://www.wikidata.org/entity/Q1033099,Grand Lisboa,261,,Китай,Макао,2008,
http://www.wikidata.org/entity/Q8022896,Wilshire Federal Building,261,,США,Лос-Анджелес,1969,Чарльз Лакман
http://www.wikidata.org/entity/Q165506,101 Collins Street,260,57,Австралия,Мельбурн,1991,Denton Corker Marshall
http://www.wikidata.org/entity/Q216865,Трансамерика,260,,США,Сан-Франциско,1969,Уильям Леонард Перейра
http://www.wikidata.org/entity/Q1614219,Vision Tower,260,60,Объединённые Арабские Эмираты,Дубай,2011,Tvsdesign
http://www.wikidata.org/entity/Q127043383,Revenue Tower Jakarta,260,29,Индонезия,Джакарта,2018,Forrec
http://www.wikidata.org/entity/Q151765,Коммерцбанк-Тауэр,259,56,Германия,Инненштадт I,1997,Норман Фостер
http://www.wikidata.org/entity/Q2376507,The River South Tower,258,74,Таиланд,Бангкок,2012,
http://www.wikidata.org/entity/Q106002354,Huide Tower,258,58,Китай,Лунхуа,2019,HPP Architekten
http://www.wikidata.org/entity/Q11102554,Раффлз-Сити (Ханчжоу),257.6,61,Китай,Ханчжоу,2017,UNStudio
http://www.wikidata.org/entity/Q1338561,Number One Bloor,257,75,Канада,Торонто,2015,Hariri Pontarini Architects
http://www.wikidata.org/entity/Q1810424,Park Tower,257,70,США,Чикаго,2000,Lucien Lagrange Architects
http://www.wikidata.org/entity/Q1983016,Мастерпис,257,64,Китай,Гонконг,2009,
http://www.wikidata.org/entity/Q1983016,Мастерпис,257,64,Китай,Яучиммон,2009,
http://www.wikidata.org/entity/Q2023928,One57,257,75,США,Манхэттен,2014,Кристиан де Портзампарк
http://www.wikidata.org/entity/Q19817574,451 E. Grand,257,69,США,Чикаго,2019,Robert A.M. Stern Architects
http://www.wikidata.org/entity/Q156198,Мессетурм,256.5,63,Германия,Инненштадт II,1990,Хельмут Ян
http://www.wikidata.org/entity/Q1201344,Osaka World Trade Center,256,55,Япония,Nankō-kita,1989,Nikken Sekkei
http://www.wikidata.org/entity/Q1201344,Osaka World Trade Center,256,55,Япония,Nankō-kita,1989,Mancini•Duffy
http://www.wikidata.org/entity/Q2673535,Rinku Gate Tower,256,56,Япония,Идзумисано,1996,Nikken Sekkei
http://www.wikidata.org/entity/Q98937606,Three Sixty West Tower A,255.6,52,Индия,Ворли,2011,
http://www.wikidata.org/entity/Q1985903,Evolution Tower,255,54,Россия,Москва,2014,RMJM London
http://www.wikidata.org/entity/Q2614510,Башня Капитал,255,52,Сингапур,Downtown Core,2000,
http://www.wikidata.org/entity/Q28057931,Q28057931,253.6,65,Китай,Шэньчжэнь,2016,
http://www.wikidata.org/entity/Q2884587,Al Fardan Residences,253.3,64,Катар,Доха,2009,
http://www.wikidata.org/entity/Q2669877,Хайклифф,252.4,73,Китай,Ваньчай,2003,
http://www.wikidata.org/entity/Q1138772,Rialto Towers,251,55,Австралия,Виктория,1986,
http://www.wikidata.org/entity/Q21092654,Stantec Tower,250.8,66,Канада,Альберта,2019,Stantec
http://www.wikidata.org/entity/Q28057934,5 Taian Dao,250.8,45,Китай,Тяньцзинь,2015,
http://www.wikidata.org/entity/Q244358,56 Леонард-Стрит,250.2,57,США,Манхэттен,2016,Херцог и де Мёрон
http://www.wikidata.org/entity/Q191161,Небоскрёб Мэри-Экс,250,41,Великобритания,Лондонский Сити,2004,Норман Фостер
http://www.wikidata.org/entity/Q191161,Небоскрёб Мэри-Экс,250,41,Великобритания,Лондонский Сити,2004,Foster and Partners
http://www.wikidata.org/entity/Q191161,Небоскрёб Мэри-Экс,250,41,Великобритания,Лондонский Сити,2004,Кен Шаттлворт
http://www.wikidata.org/entity/Q1812350,Legacy at Millennium Park,250,72,США,Иллинойс,2009,
http://www.wikidata.org/entity/Q1069161,Chelsea Tower,250,49,Объединённые Арабские Эмираты,Дубай,2005,Atkins
http://www.wikidata.org/entity/Q104804875,Metropol Istanbul,250,,Турция,Стамбул,2017,
http://www.wikidata.org/entity/Q22968,Юксам Билдинг,249,60,Республика Корея,Yeoui-dong,1985,"Skidmore, Owings and Merrill"
http://www.wikidata.org/entity/Q953610,Стеклянная башня,249,52,Испания,Мадрид,2009,Сезар Пелли
http://www.wikidata.org/entity/Q519568,Torre Moeve,248.3,45,Испания,Мадрид,2008,Норман Фостер
http://www.wikidata.org/entity/Q1150357,Midtown Tower,248.1,54,Япония,Акасака,2007,"Skidmore, Owings and Merrill"
http://www.wikidata.org/entity/Q910101,Сити-спайр-центр,248.1,75,США,Манхэттен,1987,Хельмут Ян
http://www.wikidata.org/entity/Q1050074,Уан-Чейз-Манхэттен-Плаза,247.8,60,США,Манхэттен,1961,"Skidmore, Owings and Merrill"
http://www.wikidata.org/entity/Q1155401,Midland Square,247,47,Япония,Meieki 4-chōme,2006,Nikken Sekkei
http://www.wikidata.org/entity/Q15789968,Brookfield Place,247,56,Канада,Калгари,2017,Dialog
http://www.wikidata.org/entity/Q687413,Конде-Наст-билдинг,246.5,48,США,Манхэттен,1999,FXCollaborative
http://www.wikidata.org/entity/Q464482,MetLife Building,246,,США,Манхэттен,1963,The Architects Collaborative
http://www.wikidata.org/entity/Q464482,MetLife Building,246,,США,Манхэттен,1963,Пьетро Беллуски
http://www.wikidata.org/entity/Q875078,Блумберг-тауэр,245.7,55,США,Мидтаун,2005,Сезар Пелли
http://www.wikidata.org/entity/Q16099606,FKI Tower,245.5,50,Республика Корея,Yeoui-dong,2014,Adrian Smith + Gordon Gill Architecture
http://www.wikidata.org/entity/Q28003830,138 East 50th Street,245,64,США,Тёртл-Бей,2019,Pelli Clarke Pelli Architects
http://www.wikidata.org/entity/Q704778,Shin Kong Life Tower,244.8,51,Китайская Республика (Тайвань),Тайбэй,1993,
http://www.wikidata.org/entity/Q1093913,Моше Авив,244.1,68,Израиль,Рамат-Ган,2001,Амнон Нив
http://www.wikidata.org/entity/Q7273221,R&F Centre,243,54,Китай,Тяньхэ,2007,Aedas
http://www.wikidata.org/entity/Q11102554,Раффлз-Сити (Ханчжоу),242,61,Китай,Ханчжоу,2017,UNStudio
http://www.wikidata.org/entity/Q30303011,The Link,242,54,Франция,Пюто,2020,Philippe Chiambaretta
http://www.wikidata.org/entity/Q798416,Башня Джона Хэнкока,241,60,США,Бостон,1976,Бэй Юймин
http://www.wikidata.org/entity/Q798416,Башня Джона Хэнкока,241,60,США,Бостон,1976,Henry N. Cobb
http://www.wikidata.org/entity/Q54492,Deutsche Bank Place,240,39,Австралия,Новый Южный Уэльс,2005,Норман Фостер
http://www.wikidata.org/entity/Q54492,Deutsche Bank Place,240,39,Австралия и Океания,Новый Южный Уэльс,2005,Норман Фостер
http://www.wikidata.org/entity/Q321291,Майнтауэр,240,56,Германия,Инненштадт I,1999,
http://www.wikidata.org/entity/Q1440000,Four Seasons Hotel Miami,240,64,США,Майами,2003,Handel Architects
http://www.wikidata.org/entity/Q503477,One Canada Square,240,50,Великобритания,Собачий остров,1991,Сезар Пелли
http://www.wikidata.org/entity/Q511612,Бахрейнский всемирный торговый центр,240,50,Бахрейн,Манама,2008,Atkins
http://www.wikidata.org/entity/Q28873268,Banyan Tree Signatures,240,55,Малайзия,Куала-Лумпур,2016,
http://www.wikidata.org/entity/Q107717743,Mahall Bomonti İzmir,240,58,Турция,Конак,2023,
http://www.wikidata.org/entity/Q118583861,Ryomyong Tower 70 floors 240 m (790 ft),240,70,КНДР,Пхеньян,2017,
http://www.wikidata.org/entity/Q602942,Sunshine 60,239.7,60,Япония,Хигаши-Икэбукуро,1978,Mitsubishi Estate
http://www.wikidata.org/entity/Q223788,300 North LaSalle,239,60,США,Чикаго,2009,Pickard Chilton
http://www.wikidata.org/entity/Q1710345,50 West Street,239,63,США,Манхэттен,2016,Хельмут Ян
http://www.wikidata.org/entity/Q2493262,Комплекс «Imperia Tower»,239,60,Россия,Москва,2011,NBBJ
http://www.wikidata.org/entity/Q24885196,Азриэли Сарона,238.5,64,Израиль,Тель-Авив,2017,Moshe Tzur
http://www.wikidata.org/entity/Q1771772,Roppongi Hills Mori Tower,238,54,Япония,Роппонги,2003,Kohn Pedersen Fox
http://www.wikidata.org/entity/Q1771772,Roppongi Hills Mori Tower,238,54,Япония,Роппонги,2003,Mori Building Company
http://www.wikidata.org/entity/Q2275601,30 Hudson Street,238,42,США,Джерси-Сити,2004,Сезар Пелли
http://www.wikidata.org/entity/Q2593778,55 Hudson Yards,238,51,США,Нью-Йорк,2019,Kohn Pedersen Fox
http://www.wikidata.org/entity/Q806669,Bank of America Center,238,56,США,Хьюстон,1983,Филип Джонсон
http://www.wikidata.org/entity/Q10413351,Doha Tower,238,46,Катар,Доха,2012,Жан Нувель
http://www.wikidata.org/entity/Q1229086,The Bow,237.5,58,Канада,Альберта,2012,Eberhard Zeidler
http://www.wikidata.org/entity/Q1229086,The Bow,237.5,58,Канада,Альберта,2012,Норман Фостер
http://www.wikidata.org/entity/Q1229086,The Bow,237.5,58,Канада,Альберта,2012,Foster and Partners
http://www.wikidata.org/entity/Q651643,Torre PwC,236,52,Испания,Мадрид,2008,Carlos Rubio Carvajal
http://www.wikidata.org/entity/Q61066458,1650 Tysons Boulevard,236,17,США,Tysons,1989,
http://www.wikidata.org/entity/Q28873280,Q28873280,235.1,60,Китай,Шанхай,2007,East China Architectural Design & Research Institute
http://www.wikidata.org/entity/Q61066521,1750 Tysons Boulevard,235.01,17,США,Tysons,1999,
http://www.wikidata.org/entity/Q1201889,Tokyo Opera City Tower,234.371,54,Япония,Ниси-Синдзюку,1996,NTT Facilities
http://www.wikidata.org/entity/Q1201889,Tokyo Opera City Tower,234.371,54,Япония,Ниси-Синдзюку,1996,Такахико Янагисава
http://www.wikidata.org/entity/Q1201889,Tokyo Opera City Tower,234.371,54,Япония,Ниси-Синдзюку,1996,Институт городского планирования и дизайна
http://www.wikidata.org/entity/Q1787391,Three First National Plaza,234,57,США,Чикаго,1981,"Skidmore, Owings and Merrill"
http://www.wikidata.org/entity/Q754321,Штаб-квартира CCTV,234,44,Китай,Hujialou Subdistrict,2012,Office for Metropolitan Architecture
http://www.wikidata.org/entity/Q1749785,Юго-восточный финансовый центр,233,55,США,Майами,1983,"Skidmore, Owings and Merrill"
http://www.wikidata.org/entity/Q1510199,Heritage Plaza,232,53,США,Хьюстон,1987,
http://www.wikidata.org/entity/Q28873284,Q28873284,232,50,Китай,Шэньчжэнь,2015,
http://www.wikidata.org/entity/Q1509747,Башня АХА,231,56,Франция,Курбевуа,1974,Pierre Dufau
http://www.wikidata.org/entity/Q1509747,Башня АХА,231,56,Франция,Курбевуа,1974,Q137847895
http://www.wikidata.org/entity/Q1043966,Карнеги-Холл-Тауэр,231,60,США,Манхэттен,1991,Сезар Пелли
http://www.wikidata.org/entity/Q30642135,19 Dutch,231,63,США,Нью-Йорк,2018,
http://www.wikidata.org/entity/Q844813,Торре-Майор,230.4,55,Мексика,Мехико,2003,
http://www.wikidata.org/entity/Q167566,Дворец культуры и науки,230,42,Польша,Варшава,1955,"Руднев, Лев Владимирович"
http://www.wikidata.org/entity/Q167566,Дворец культуры и науки,230,42,Польша,Средместье,1955,"Руднев, Лев Владимирович"
http://www.wikidata.org/entity/Q228242,"Мэдисон-авеню, 383",230,47,США,Манхэттен,2001,"Skidmore, Owings and Merrill"
http://www.wikidata.org/entity/Q228242,"Мэдисон-авеню, 383",230,47,США,Манхэттен,2001,Дэвид Мэги Чайлдс
http://www.wikidata.org/entity/Q1344723,Enterprise Plaza,230,55,США,Хьюстон,1980,"Skidmore, Owings and Merrill"
http://www.wikidata.org/entity/Q1364354,Torre Espacio,230,57,Испания,Мадрид,2008,Pei Cobb Freed & Partners
http://www.wikidata.org/entity/Q1613853,Heron Tower,230,46,Великобритания,Лондонский Сити,2011,Kohn Pedersen Fox
http://www.wikidata.org/entity/Q2742547,122 Leadenhall Street,230,48,Великобритания,Лондонский Сити,2014,Ричард Джордж Роджерс
http://www.wikidata.org/entity/Q198238,1717 Broadway,229.7,68,США,Манхэттен,2013,
http://www.wikidata.org/entity/Q173498,"Авеню Америк, 1251",229,54,США,Манхэттен,1972,Уоллес Кёркмен Харрисон
http://www.wikidata.org/entity/Q300254,AXA-Эквитебл-Центр,229,54,США,Манхэттен,1986,Edward Larrabee Barnes
http://www.wikidata.org/entity/Q1138648,Уан-Пенн-Плаза,229,57,США,Манхэттен,1972,Эли Жак Кан
http://www.wikidata.org/entity/Q2424258,Gas Company Tower,228.3,52,США,Лос-Анджелес,1991,"Skidmore, Owings and Merrill"
http://www.wikidata.org/entity/Q116002,200 West Street,228,44,США,Бэттери-Парк-сити,2009,Henry N. Cobb
http://www.wikidata.org/entity/Q116002,200 West Street,228,44,США,Бэттери-Парк-сити,2009,Pei Cobb Freed & Partners
http://www.wikidata.org/entity/Q1426419,The Met,228,69,Таиланд,Бангкок,2009,WOHA
http://www.wikidata.org/entity/Q28873300,Q28873300,228,48,Китай,Шэньчжэнь,2014,
http://www.wikidata.org/entity/Q3049341,RSA Battle House Tower,227.1,35,США,Мобил,2007,Tvsdesign
http://www.wikidata.org/entity/Q120546,Empire Tower,227,62,Таиланд,Бангкок,1999,
http://www.wikidata.org/entity/Q247887,"Уолл-стрит, 60",227,50,США,Манхэттен,1989,Кевин Роч
http://www.wikidata.org/entity/Q659652,Уан-Астор-Плаза,227,54,США,Манхэттен,1972,Дер Скатт
http://www.wikidata.org/entity/Q659652,Уан-Астор-Плаза,227,200,США,Манхэттен,1972,Дер Скатт
http://www.wikidata.org/entity/Q1144187,Уан-Либерти-Плаза,226,54,США,Манхэттен,1974,"Skidmore, Owings and Merrill"
http://www.wikidata.org/entity/Q1343055,Swissôtel The Stamford,226,72,Сингапур,Сингапур,1986,Бэй Юймин
http://www.wikidata.org/entity/Q1343055,Swissôtel The Stamford,226,73,Сингапур,Сингапур,1986,Бэй Юймин
http://www.wikidata.org/entity/Q1343055,Swissôtel The Stamford,226,72,Сингапур,Downtown Core,1986,Бэй Юймин
http://www.wikidata.org/entity/Q1343055,Swissôtel The Stamford,226,73,Сингапур,Downtown Core,1986,Бэй Юймин
http://www.wikidata.org/entity/Q531752,CenterPoint Energy Plaza,226,47,США,Техас,1996,"Skidmore, Owings and Merrill"
http://www.wikidata.org/entity/Q21011003,150 North Riverside Chicago,226,54,США,Чикаго,2017,
http://www.wikidata.org/entity/Q270066,Всемирный торговый центр 7,225,52,США,Манхэттен,2006,"Skidmore, Owings and Merrill"
http://www.wikidata.org/entity/Q270066,Всемирный торговый центр 7,225,52,США,Манхэттен,2006,Дэвид Мэги Чайлдс
http://www.wikidata.org/entity/Q29837449,Q29837449,225,46,Китай,Шэньчжэнь,2017,
http://www.wikidata.org/entity/Q2074091,Всемирный финансовый центр 3,225,51,США,Манхэттен,1985,Сезар Пелли
http://www.wikidata.org/entity/Q30753028,ARO (New York City),225,62,США,Мидтаун,2018,
http://www.wikidata.org/entity/Q30753028,ARO (New York City),225,62,США,Манхэттен,2018,
http://www.wikidata.org/entity/Q109595002,Tokyu Kabukicho Tower,225,48,Япония,Кабуки-тё,2023,Kume Sekkei
http://www.wikidata.org/entity/Q109595002,Tokyu Kabukicho Tower,225,48,Япония,Кабуки-тё,2023,Tokyu Architects & Engineers
http://www.wikidata.org/entity/Q109595002,Tokyu Kabukicho Tower,225,48,Япония,Кабуки-тё,2023,Юко Нагаяма
http://www.wikidata.org/entity/Q278380,Fontainebleau Las Vegas,224,63,США,Парадайз,2023,Карлос Сапата
http://www.wikidata.org/entity/Q806671,Bank of America Plaza,224,55,США,Калифорния,1974,"Albert C. Martin, Sr."
http://www.wikidata.org/entity/Q827638,Бертельсманн-билдинг,223,44,США,Манхэттен,1990,"Skidmore, Owings and Merrill"
http://www.wikidata.org/entity/Q1128788,1600 Smith Street,223,53,США,Хьюстон,1984,
http://www.wikidata.org/entity/Q976172,Карлтон-центр,222.5,50,ЮАР,Йоханнесбург,1973,"Skidmore, Owings and Merrill"
http://www.wikidata.org/entity/Q2195212,Raffles City Shanghai,222,49,Китай,Хуанпу,2003,P&T Architects & Engineers Ltd.
http://www.wikidata.org/entity/Q3234973,Хоупвелл-сентр,222,64,Китай,Ваньчай,1980,Гордон Ху
http://www.wikidata.org/entity/Q697076,Chang-Gu World Trade Center,222,50,Китайская Республика (Тайвань),Sanmin District,1992,Си Ли
http://www.wikidata.org/entity/Q12261444,Kerry Center,222,45,Китай,Тяньцзинь,2016,
http://www.wikidata.org/entity/Q12261444,Kerry Center,222,45,Китай,Цзянси,2016,
http://www.wikidata.org/entity/Q1580807,Таймс-сквер-тауэр,221,47,США,Манхэттен,2004,"Skidmore, Owings and Merrill"
http://www.wikidata.org/entity/Q1787863,Olympia Centre,221,63,США,Чикаго,1986,"Skidmore, Owings and Merrill"
http://www.wikidata.org/entity/Q1937376,777 Tower,221,55,США,Лос-Анджелес,1991,Сезар Пелли
http://www.wikidata.org/entity/Q510272,Олимпик-тауэр,221,51,США,Манхэттен,1974,"Skidmore, Owings and Merrill"
http://www.wikidata.org/entity/Q2736562,Saint Luke’s Tower,220.63,51,Япония,Акаситё,1994,Nikken Sekkei
http://www.wikidata.org/entity/Q1357866,Warsaw Spire,220,49,Польша,Варшава,2016,
http://www.wikidata.org/entity/Q17640070,Tour Hekla,220,49,Франция,Пюто,2022,Жан Нувель
http://www.wikidata.org/entity/Q60862279,Warsaw Unit,220,45,Польша,Варшава,2021,
http://www.wikidata.org/entity/Q60862279,Warsaw Unit,220,45,Польша,Воля,2021,
http://www.wikidata.org/entity/Q28873314,Sino Life Insurance Building,219,49,Китай,Шэньчжэнь,2016,
http://www.wikidata.org/entity/Q217827,250 East 57th Street,218,65,США,Манхэттен,2016,"Skidmore, Owings and Merrill"
http://www.wikidata.org/entity/Q1537698,One Shell Plaza,218,50,США,Хьюстон,1971,"Skidmore, Owings and Merrill"
http://www.wikidata.org/entity/Q1925883,Metropolitan Tower,218,68,США,Манхэттен,1987,
http://www.wikidata.org/entity/Q19817555,Light House Melbourne,218,69,Австралия,Мельбурн,2017,Elenberg Fraser
http://www.wikidata.org/entity/Q109410548,Shenzhen Energy Mansion,218,,Китай,Шэньчжэнь,2017,Bjarke Ingels Group
http://www.wikidata.org/entity/Q28833,900 Biscayne Bay,217,63,США,Майами,2008,Revuelta Vega Leon
http://www.wikidata.org/entity/Q1710367,610 Lexington Avenue,217,63,США,Манхэттен,2017,Foster and Partners
http://www.wikidata.org/entity/Q30752740,Mistral Office Tower,216,48,Турция,Конак,2017,
http://www.wikidata.org/entity/Q1134566,Shiodome City Center,215.75,43,Япония,Хигаси-Симбаси,2003,Кевин Роч
http://www.wikidata.org/entity/Q1501652,General Motors Building,215,50,США,Манхэттен,1968,Эдуард Дьюрелл Стоун
http://www.wikidata.org/entity/Q1501652,General Motors Building,215,50,США,Манхэттен,1968,Emery Roth & Sons
http://www.wikidata.org/entity/Q1676687,270 Park Avenue,215,52,США,Манхэттен,1960,"Skidmore, Owings and Merrill"
http://www.wikidata.org/entity/Q3756298,Чайна-онлайн-сентр,215,52,Китай,Гонконг,2000,Rocco Yim
http://www.wikidata.org/entity/Q116947281,Sumitomo Fudosan Tokyo Mita Garden Tower,215,42,Япония,Mita,2023,Kume Sekkei
http://www.wikidata.org/entity/Q948178,Torre Ejecutiva Pemex,214,52,Мексика,Мехико,1982,Pedro Moctezuma Díaz Infante
http://www.wikidata.org/entity/Q948178,Torre Ejecutiva Pemex,214,54,Мексика,Мехико,1982,Pedro Moctezuma Díaz Infante
http://www.wikidata.org/entity/Q5754149,Higashiyama Sky Tower,214,7,Япония,Tashiro-chō,1989,
http://www.wikidata.org/entity/Q241648,Башни Виктория,213,62,Китай,Яучиммон,2003,Rocco Yim
http://www.wikidata.org/entity/Q19833930,Уан-Манхэттен-Сквер,213,72,США,Нью-Йорк,2019,
http://www.wikidata.org/entity/Q60983924,Paul Hastings Tower,213,52,США,,1972,
http://www.wikidata.org/entity/Q4080245,Башня Исеть,212.8,52,Россия,Екатеринбург,2015,Valode & Pistre
http://www.wikidata.org/entity/Q1096141,Act Tower,212.77,45,Япония,Хамамацу,1994,Mitsubishi Estate
http://www.wikidata.org/entity/Q1096141,Act Tower,212.77,45,Япония,Хамамацу,1994,Nihon Sekkei
http://www.wikidata.org/entity/Q28868,Hancock Whitney Center,212.45,51,США,Новый Орлеан,1972,"Skidmore, Owings and Merrill"
http://www.wikidata.org/entity/Q122474969,Eighth Avenue Place East Tower,212.3,49,Канада,Альберта,2011,
http://www.wikidata.org/entity/Q2740354,Небесная башня,212,51,Польша,Вроцлав,2012,
http://www.wikidata.org/entity/Q21449366,Cathay Landmark,212,46,Китайская Республика (Тайвань),Xinyi Planning District,2015,Kris Yao
http://www.wikidata.org/entity/Q104857472,Tokiwabashi Tower,212,38,Япония,Тиёда,2021,
http://www.wikidata.org/entity/Q122853217,Omkar 1973 Tower A,212,54,Индия,Мумбаи,2023,
http://www.wikidata.org/entity/Q28935347,The Tower Jakarta,211.8,50,Индонезия,Джакарта,2016,Denton Corker Marshall
http://www.wikidata.org/entity/Q113153161,Brookfield Tower,211.7,64,США,Лос-Анджелес,2022,
http://www.wikidata.org/entity/Q11415297,JR Gate Tower,211.1,46,Япония,Meieki 1-chōme,2017,Kohn Pedersen Fox
http://www.wikidata.org/entity/Q467467,Americas Tower,211,50,США,Манхэттен,1992,Swanke Hayden Connell Architects
http://www.wikidata.org/entity/Q948178,Torre Ejecutiva Pemex,211,52,Мексика,Мехико,1982,Pedro Moctezuma Díaz Infante
http://www.wikidata.org/entity/Q948178,Torre Ejecutiva Pemex,211,54,Мексика,Мехико,1982,Pedro Moctezuma Díaz Infante
http://www.wikidata.org/entity/Q23945453,China Merchants Tower,211,37,Китай,Nanshan District,2013,"Skidmore, Owings and Merrill"
http://www.wikidata.org/entity/Q632019,Солоу-билдинг,210,50,США,Манхэттен,1974,Гордон Буншафт
http://www.wikidata.org/entity/Q25389789,Mirae Unha Tower,210,53,КНДР,Pyongchon-guyok,2015,
http://www.wikidata.org/entity/Q29837913,Q29837913,210,45,Китай,Чунцин,2017,
http://www.wikidata.org/entity/Q30752674,Ryomyong Tower 55 floors 210 m (690 ft),210,55,КНДР,Пхеньян,2017,
http://www.wikidata.org/entity/Q1143174,Ritz-Carlton Toronto,209.8,53,Канада,Торонто,2010,Kohn Pedersen Fox
http://www.wikidata.org/entity/Q1816401,140 Broadway,209.7,52,США,Манхэттен,1967,"Skidmore, Owings and Merrill"
http://www.wikidata.org/entity/Q219984,277 Park Avenue,209,50,США,Манхэттен,1963,Emery Roth & Sons
http://www.wikidata.org/entity/Q244114,55 Water Street,209,53,США,Манхэттен,1972,Emery Roth & Sons
http://www.wikidata.org/entity/Q323767,Башня Монпарнас,209,59,Франция,XV округ Парижа,1973,Eugène Beaudouin
http://www.wikidata.org/entity/Q323767,Башня Монпарнас,209,59,Франция,Quartier Necker,1973,Eugène Beaudouin
http://www.wikidata.org/entity/Q323767,Башня Монпарнас,209,59,Франция,XV округ Парижа,1973,Louis de Hoÿm de Marien
http://www.wikidata.org/entity/Q323767,Башня Монпарнас,209,59,Франция,Quartier Necker,1973,Louis de Hoÿm de Marien
http://www.wikidata.org/entity/Q323767,Башня Монпарнас,209,59,Франция,XV округ Парижа,1973,Urbain Cassan
http://www.wikidata.org/entity/Q323767,Башня Монпарнас,209,59,Франция,Quartier Necker,1973,Urbain Cassan
http://www.wikidata.org/entity/Q323767,Башня Монпарнас,209,59,Франция,XV округ Парижа,1973,Jean Saubot
http://www.wikidata.org/entity/Q323767,Башня Монпарнас,209,59,Франция,Quartier Necker,1973,Jean Saubot
http://www.wikidata.org/entity/Q1140508,Waldorf Astoria Chicago,209,60,США,Иллинойс,2010,Lucien Lagrange Architects
http://www.wikidata.org/entity/Q1608810,Morgan Stanley Building,209,42,США,Манхэттен,1990,Emery Roth & Sons
http://www.wikidata.org/entity/Q3775875,Piedmont Region Headquarters,209,42,Италия,Турин,2019,Массимилиано Фуксас
http://www.wikidata.org/entity/Q29837416,Q29837416,208.6,44,Китай,Шэньчжэнь,2017,
http://www.wikidata.org/entity/Q3297809,The Austonian,208.15,56,США,Техас,2010,
http://www.wikidata.org/entity/Q1224878,RBC Centre,208,43,Канада,Торонто,2009,Kohn Pedersen Fox
http://www.wikidata.org/entity/Q657979,Westendstraße 1,208,53,Германия,Франкфурт-на-Майне,1993,Kohn Pedersen Fox
http://www.wikidata.org/entity/Q28873327,Category:Wenbo Center,208,48,Китай,Шэньчжэнь,2016,
http://www.wikidata.org/entity/Q992616,Four Seasons Hotel New York,208,52,США,Манхэттен,1993,Бэй Юймин
http://www.wikidata.org/entity/Q1049868,Варшавский торговый центр,208,43,Польша,Варшава,1999,RTKL Associates
http://www.wikidata.org/entity/Q136327695,Q136327695,208,42,Китай,Шэньчжэнь,2016,
http://www.wikidata.org/entity/Q2130764,Random House Tower,208,52,США,Манхэттен,2003,"Skidmore, Owings and Merrill"
http://www.wikidata.org/entity/Q6191734,Jiangsu Tower,208,52,Китай,Шэньчжэнь,2001,
http://www.wikidata.org/entity/Q170442,111 South Wacker Drive,207.6,45,США,Иллинойс,2005,
http://www.wikidata.org/entity/Q24036143,Far Eastern Mega Tower,207.4,50,Китайская Республика (Тайвань),Баньцяо,2013,
http://www.wikidata.org/entity/Q200780,181 West Madison Street,207.3,50,США,Чикаго,1990,Сезар Пелли
http://www.wikidata.org/entity/Q1639792,Hyatt Center,207,48,США,Чикаго,2005,
http://www.wikidata.org/entity/Q1854423,Маркус Резиденцес,207,63,США,Майами,2009,Arquitectonica
http://www.wikidata.org/entity/Q2712478,World Trade Center Mexico City,207,50,Мексика,Бенито-Хуарес,1994,Guillermo Rossell de la Lama
http://www.wikidata.org/entity/Q2712478,World Trade Center Mexico City,207,52,Мексика,Бенито-Хуарес,1994,Guillermo Rossell de la Lama
http://www.wikidata.org/entity/Q3995200,Allianz Tower,207,50,Италия,Милан,2012,Арата Исодзаки
http://www.wikidata.org/entity/Q3995200,Allianz Tower,207,50,Италия,Милан,2012,Andrea Maffei
http://www.wikidata.org/entity/Q15106137,Sky,206,71,США,Манхэттен,2016,Дэвид Рокуэлл
http://www.wikidata.org/entity/Q20991730,Q20991730,206,52,Китай,Шэньчжэнь,2007,
http://www.wikidata.org/entity/Q164877,1000 de La Gauchetière,205,51,Канада,Виль-Мари,1992,Dimitri Dimakopoulos
http://www.wikidata.org/entity/Q172811,1221 Avenue of the Americas,205,51,США,Манхэттен,1972,Уоллес Кёркмен Харрисон
http://www.wikidata.org/entity/Q593320,Four Seasons Hotel and Residences Toronto,205,52,Канада,Торонто,2012,architectsAlliance
http://www.wikidata.org/entity/Q593320,Four Seasons Hotel and Residences Toronto,205,52,Канада,Торонто,2012,Peter Clewes
http://www.wikidata.org/entity/Q780392,L Tower,205,58,Канада,Торонто,2014,Даниэль Либескинд
http://www.wikidata.org/entity/Q781961,"Корт-сквер, 1",205,50,США,Нью-Йорк,1990,"Skidmore, Owings and Merrill"
http://www.wikidata.org/entity/Q807955,Barclay Tower,205,56,США,Трайбека,2007,Costas Kondylis
http://www.wikidata.org/entity/Q926767,Tomorrow Square,204.6,55,Китай,Пуси,2003,Джон Кэлвин Портман
http://www.wikidata.org/entity/Q2051730,Парамаунт-Плаза,204.2,48,США,Манхэттен,1970,Emery Roth
http://www.wikidata.org/entity/Q234368,MiMA,204,63,США,Манхэттен,2011,Arquitectonica
http://www.wikidata.org/entity/Q268559,77 West Wacker Drive,204,49,США,Чикаго Луп,1992,Рикардо Бофилл
http://www.wikidata.org/entity/Q1030463,Mode Gakuen Cocoon Tower,204,50,Япония,Ниси-Синдзюку,2008,Tange Associates
http://www.wikidata.org/entity/Q3500463,BOK Tower,203.3,52,США,Талса,1976,Минору Ямасаки
http://www.wikidata.org/entity/Q21619204,Ritz-Carlton/Marriott Marquis Los Angeles,203.3,54,США,Лос-Анджелес,2010,Gensler
http://www.wikidata.org/entity/Q17052512,Kuningan City,203.1,53,Индонезия,Karet Kuningan,2012,
http://www.wikidata.org/entity/Q971317,Великая американская башня на площади Куин-Сити,202.69,41,США,Цинциннати,2011,Gyo Obata
http://www.wikidata.org/entity/Q24036201,Q24036201,202.6,44,Китай,Шэньчжэнь,2016,
http://www.wikidata.org/entity/Q80495,Millennium Tower,202,50,Австрия,Вена,1999,Густав Пайхль
http://www.wikidata.org/entity/Q80495,Millennium Tower,202,50,Австрия,Вена,1999,Boris Podrecca
http://www.wikidata.org/entity/Q28362967,Hotel Estelar Bocagrande,202,52,Колумбия,Картахена,2016,
http://www.wikidata.org/entity/Q76833992,J. C. Penny Building,202,15,США,Солт-Лейк-Сити,1973,
http://www.wikidata.org/entity/Q1785026,Living Shangri-La,201,62,Канада,Ванкувер,2008,James K. M. Cheng
http://www.wikidata.org/entity/Q673794,Truist Center (Charlotte),201,47,США,Шарлотт,2002,
http://www.wikidata.org/entity/Q28223286,Britam Tower,200.1,31,Кения,Найроби,2017,
